layerNum,machineStateNum,stateNum,transitionNum,canTransitionToSelf,destinationState_name,destinationState_nameHash,destinationStateMachine_name,duration,exitTime,hasExitTime,hasFixedDuration,hideFlags,interruptionSource,isExit,mute,name,offset,orderedInterruption,solo,[EOL],
1,1,1,0,True,OGiveup,-1420427518,,0,1,False,True,HideInHierarchy,None,False,False,,0,True,False,
1,1,1,1,True,JMove0,-1308079960,,0,1,False,True,HideInHierarchy,None,False,False,,0,True,False,
1,1,1,2,True,SAtkLP,-919344908,,0,0,False,True,HideInHierarchy,None,False,False,,0,True,False,
1,1,1,3,True,SAtkMP,-802629195,,0,0,False,True,HideInHierarchy,None,False,False,,0,True,False,
1,1,1,4,True,SAtkHP,-1386271248,,0,0,False,True,HideInHierarchy,None,False,False,,0,True,False,
1,1,1,5,True,SAtkLK,1129718040,,0,0,False,True,HideInHierarchy,None,False,False,,0,True,False,
1,1,1,6,True,SAtkMK,1514999897,,0,0,False,True,HideInHierarchy,None,False,False,,0,True,False,
1,1,1,7,True,SAtkHK,658170908,,0,0,False,True,HideInHierarchy,None,False,False,,0,True,False,
1,1,1,8,True,CWait,636036675,,0,1,False,True,HideInHierarchy,None,False,False,,0,True,False,
1,1,1,9,True,SMove,-673643172,,0,1,False,True,HideInHierarchy,None,False,False,,0,True,False,
1,1,1,10,True,SBlockL,1102327940,,0,0.75,False,True,HideInHierarchy,None,False,False,,0,True,False,
1,1,2,11,True,,0,,0,1,True,True,HideInHierarchy,None,True,False,,0,True,False,
1,1,2,12,True,SBlockL,1102327940,,0,0.75,False,True,HideInHierarchy,None,False,False,,0,True,False,
1,1,3,13,True,,0,,0,1,True,True,HideInHierarchy,None,True,False,,0,True,False,
1,1,3,14,True,SBlockL,1102327940,,0,0.75,False,True,HideInHierarchy,None,False,False,,0,True,False,
1,1,4,15,True,,0,,0,1,True,True,HideInHierarchy,None,True,False,,0,True,False,
1,1,4,16,True,SBlockL,1102327940,,0,0.75,False,True,HideInHierarchy,None,False,False,,0,True,False,
1,1,5,17,True,,0,,0,1,True,True,HideInHierarchy,None,True,False,,0,True,False,
1,1,5,18,True,SBlockL,1102327940,,0,0.75,False,True,HideInHierarchy,None,False,False,,0,True,False,
1,1,6,19,True,,0,,0,1,True,True,HideInHierarchy,None,True,False,,0,True,False,
1,1,6,20,True,SBlockL,1102327940,,0,0.75,False,True,HideInHierarchy,None,False,False,,0,True,False,
1,1,7,21,True,,0,,0,1,True,True,HideInHierarchy,None,True,False,,0,True,False,
1,1,7,22,True,SBlockL,1102327940,,0,0.75,False,True,HideInHierarchy,None,False,False,,0,True,False,
1,1,8,23,True,,0,,0,1,False,False,HideInHierarchy,None,True,False,,0,True,False,
1,1,8,24,True,DAtkLP,-673129769,,0.1,0.9,False,True,HideInHierarchy,None,False,False,,0,True,False,
1,1,8,25,True,DAtkMP,-822350954,,0.1,0.9,False,True,HideInHierarchy,None,False,False,,0,True,False,
1,1,8,26,True,DAtkHP,-1282662445,,0.1,0.9,False,True,HideInHierarchy,None,False,False,,0,True,False,
1,1,8,27,True,DAtkLK,1569002299,,0.1,0.9,False,True,HideInHierarchy,None,False,False,,0,True,False,
1,1,8,28,True,DAtkMK,1151214202,,0.1,0.9,False,True,HideInHierarchy,None,False,False,,0,True,False,
1,1,8,29,True,DAtkHK,971626047,,0.1,0.9,False,True,HideInHierarchy,None,False,False,,0,True,False,
1,1,10,30,True,,0,,0,1,True,True,HideInHierarchy,None,True,False,,0,True,False,
1,1,11,31,True,,0,,0,1,True,True,HideInHierarchy,None,True,False,,0,True,False,
1,1,12,32,True,,0,,0,1,True,True,HideInHierarchy,None,True,False,,0,True,False,
1,1,13,33,True,OStandup,623506027,,0,1,True,True,HideInHierarchy,None,False,False,,0,True,False,
1,1,14,34,True,,0,,0,1,True,True,HideInHierarchy,None,True,False,,0,True,False,
1,1,15,35,True,,0,,0,1,True,True,HideInHierarchy,None,True,False,,0,True,False,
1,1,16,36,True,ODown,-2130126692,,0,1,True,True,HideInHierarchy,None,False,False,,0,True,False,
1,1,17,37,True,,0,,0,1,False,True,HideInHierarchy,None,True,False,,0,True,False,
1,1,17,38,True,SAtkHK,658170908,,0.25,0.75,True,True,HideInHierarchy,None,False,False,,0,True,False,
1,1,17,39,True,SAtkMK,1514999897,,0.25,0.75,True,True,HideInHierarchy,None,False,False,,0,True,False,
1,1,17,40,True,SAtkLK,1129718040,,0.25,0.75,True,True,HideInHierarchy,None,False,False,,0,True,False,
1,1,17,41,True,SAtkHP,-1386271248,,0.25,0.75,True,True,HideInHierarchy,None,False,False,,0,True,False,
1,1,17,42,True,SAtkMP,-802629195,,0.25,0.75,True,True,HideInHierarchy,None,False,False,,0,True,False,
1,1,17,43,True,SAtkLP,-919344908,,0.25,0.75,True,True,HideInHierarchy,None,False,False,,0,True,False,
1,1,17,44,True,JMove0,-1308079960,,0,0.75,False,True,HideInHierarchy,None,False,False,,0,True,False,
1,1,17,45,True,SBlockL,1102327940,,0,0.75,False,True,HideInHierarchy,None,False,False,,0,True,False,
1,1,18,46,True,SWait,1158263233,,0,1,False,True,HideInHierarchy,None,False,False,,0,True,False,
1,1,21,47,True,JMove2,1543907716,,0.25,0.75,True,True,HideInHierarchy,None,False,False,,0,True,False,
1,1,21,48,True,JMove4,-1251636047,,0,0.75,False,True,HideInHierarchy,None,False,False,,0,True,False,
1,1,21,49,True,JBlockL,-1275926119,,0,0.75,False,True,HideInHierarchy,None,False,False,,0,True,False,
1,1,22,50,True,JMove2,1543907716,,0.25,0.75,True,True,HideInHierarchy,None,False,False,,0,True,False,
1,1,22,51,True,JMove4,-1251636047,,0,0.75,True,True,HideInHierarchy,None,False,False,,0,True,False,
1,1,22,52,True,JBlockL,-1275926119,,0,0.75,False,True,HideInHierarchy,None,False,False,,0,True,False,
1,1,23,53,True,JMove2,1543907716,,0.25,0.75,True,True,HideInHierarchy,None,False,False,,0,True,False,
1,1,23,54,True,JMove4,-1251636047,,0,0.75,False,True,HideInHierarchy,None,False,False,,0,True,False,
1,1,23,55,True,JBlockL,-1275926119,,0,0.75,False,True,HideInHierarchy,None,False,False,,0,True,False,
1,1,24,56,True,JMove2,1543907716,,0.25,0.75,True,True,HideInHierarchy,None,False,False,,0,True,False,
1,1,24,57,True,JMove4,-1251636047,,0,0.75,False,True,HideInHierarchy,None,False,False,,0,True,False,
1,1,24,58,True,JBlockL,-1275926119,,0,0.75,False,True,HideInHierarchy,None,False,False,,0,True,False,
1,1,25,59,True,JMove2,1543907716,,0.25,0.75,True,True,HideInHierarchy,None,False,False,,0,True,False,
1,1,25,60,True,JMove4,-1251636047,,0,0.75,False,True,HideInHierarchy,None,False,False,,0,True,False,
1,1,25,61,True,JBlockL,-1275926119,,0,0.75,False,True,HideInHierarchy,None,False,False,,0,True,False,
1,1,26,62,True,JMove2,1543907716,,0.25,0.75,True,True,HideInHierarchy,None,False,False,,0,True,False,
1,1,26,63,True,JMove4,-1251636047,,0,0.75,False,True,HideInHierarchy,None,False,False,,0,True,False,
1,1,26,64,True,JBlockL,-1275926119,,0,0.75,False,True,HideInHierarchy,None,False,False,,0,True,False,
1,1,27,65,True,JMove2,1543907716,,0,1,False,True,HideInHierarchy,None,False,False,,0,True,False,
1,1,27,66,True,JMove4,-1251636047,,0,1,False,True,HideInHierarchy,None,False,False,,0,True,False,
1,1,30,67,True,,0,,0,1,True,True,HideInHierarchy,None,True,False,,0,True,False,
1,1,31,68,True,,0,,0,1,True,True,HideInHierarchy,None,True,False,,0,True,False,
1,1,32,69,True,,0,,0,1,True,True,HideInHierarchy,None,True,False,,0,True,False,
1,1,33,70,True,DMove,85544654,,0.1,0.9,False,True,HideInHierarchy,None,False,False,,0,True,False,
1,1,33,71,True,DBlockL,-473066812,,0,1,False,True,HideInHierarchy,None,False,False,,0,True,False,
1,1,34,72,True,DMove,85544654,,0.1,0.9,False,True,HideInHierarchy,None,False,False,,0,True,False,
1,1,34,73,True,DBlockL,-473066812,,0,1,False,True,HideInHierarchy,None,False,False,,0,True,False,
1,1,35,74,True,DMove,85544654,,0.1,0.9,False,True,HideInHierarchy,None,False,False,,0,True,False,
1,1,35,75,True,DBlockL,-473066812,,0,1,False,True,HideInHierarchy,None,False,False,,0,True,False,
1,1,36,76,True,DMove,85544654,,0.1,0.9,False,True,HideInHierarchy,None,False,False,,0,True,False,
1,1,36,77,True,DBlockL,-473066812,,0,1,False,True,HideInHierarchy,None,False,False,,0,True,False,
1,1,37,78,True,DMove,85544654,,0.1,0.9,False,True,HideInHierarchy,None,False,False,,0,True,False,
1,1,37,79,True,DBlockL,-473066812,,0,1,False,True,HideInHierarchy,None,False,False,,0,True,False,
1,1,38,80,True,DMove,85544654,,0.1,0.9,False,True,HideInHierarchy,None,False,False,,0,True,False,
1,1,38,81,True,DBlockL,-473066812,,0,1,False,True,HideInHierarchy,None,False,False,,0,True,False,
1,1,39,82,True,DMove,85544654,,0.25,0.75,True,True,HideInHierarchy,None,False,False,,0,True,False,
1,1,42,83,True,,0,,0,1,True,True,HideInHierarchy,None,True,False,,0,True,False,
1,1,43,84,True,,0,,0,1,True,True,HideInHierarchy,None,True,False,,0,True,False,
1,1,44,85,True,,0,,0,1,True,True,HideInHierarchy,None,True,False,,0,True,False,
1,1,45,86,True,,0,,0,1,False,True,HideInHierarchy,None,True,False,,0,True,False,
1,1,45,87,True,CMove,-1220963618,,0,1,False,True,HideInHierarchy,None,False,False,,0,True,False,
1,1,45,88,True,CAtkHK,619505287,,0.25,0.75,True,True,HideInHierarchy,None,False,False,,0,True,False,
1,1,45,89,True,CAtkMK,1503335106,,0.25,0.75,True,True,HideInHierarchy,None,False,False,,0,True,False,
1,1,45,90,True,CAtkLK,1082139523,,0.25,0.75,True,True,HideInHierarchy,None,False,False,,0,True,False,
1,1,45,91,True,CAtkHP,-1366741141,,0.25,0.75,True,True,HideInHierarchy,None,False,False,,0,True,False,
1,1,45,92,True,CAtkMP,-738272466,,0.25,0.75,True,True,HideInHierarchy,None,False,False,,0,True,False,
1,1,45,93,True,CAtkLP,-890901905,,0.25,0.75,True,True,HideInHierarchy,None,False,False,,0,True,False,
1,1,45,94,True,CBlockL,644525130,,0,0.75,False,True,HideInHierarchy,None,False,False,,0,True,False,
1,1,46,95,True,CWait,636036675,,0,1,False,True,HideInHierarchy,None,False,False,,0,True,False,
1,1,46,96,True,CWait,636036675,,0,1,False,True,HideInHierarchy,None,False,False,,0,True,False,
1,1,46,97,True,CAtkHK,619505287,,0,1,False,True,HideInHierarchy,None,False,False,,0,True,False,
1,1,46,98,True,CAtkMK,1503335106,,0,1,False,True,HideInHierarchy,None,False,False,,0,True,False,
1,1,46,99,True,CAtkLK,1082139523,,0,1,False,True,HideInHierarchy,None,False,False,,0,True,False,
1,1,46,100,True,CAtkHP,-1366741141,,0,1,False,True,HideInHierarchy,None,False,False,,0,True,False,
1,1,46,101,True,CAtkMP,-738272466,,0,1,False,True,HideInHierarchy,None,False,False,,0,True,False,
1,1,46,102,True,CAtkLP,-890901905,,0,1,False,True,HideInHierarchy,None,False,False,,0,True,False,
1,1,46,103,True,CBlockL,644525130,,0,0.75,False,True,HideInHierarchy,None,False,False,,0,True,False,
1,1,47,104,True,CWait,636036675,,0,1,True,True,HideInHierarchy,None,False,False,,0,True,False,
1,1,47,105,True,CBlockL,644525130,,0,0.75,False,True,HideInHierarchy,None,False,False,,0,True,False,
1,1,48,106,True,CWait,636036675,,0,1,True,True,HideInHierarchy,None,False,False,,0,True,False,
1,1,48,107,True,CBlockL,644525130,,0,0.75,False,True,HideInHierarchy,None,False,False,,0,True,False,
1,1,49,108,True,CWait,636036675,,0,1,True,True,HideInHierarchy,None,False,False,,0,True,False,
1,1,49,109,True,CBlockL,644525130,,0,0.75,False,True,HideInHierarchy,None,False,False,,0,True,False,
1,1,50,110,True,CWait,636036675,,0,1,True,True,HideInHierarchy,None,False,False,,0,True,False,
1,1,50,111,True,CBlockL,644525130,,0,0.75,False,True,HideInHierarchy,None,False,False,,0,True,False,
1,1,51,112,True,CWait,636036675,,0,1,True,True,HideInHierarchy,None,False,False,,0,True,False,
1,1,51,113,True,CBlockL,644525130,,0,0.75,False,True,HideInHierarchy,None,False,False,,0,True,False,
1,1,52,114,True,CWait,636036675,,0,1,True,True,HideInHierarchy,None,False,False,,0,True,False,
1,1,52,115,True,CBlockL,644525130,,0,0.75,False,True,HideInHierarchy,None,False,False,,0,True,False,
1,1,53,116,True,CWait,636036675,,0,1,False,True,HideInHierarchy,None,False,False,,0,True,False,
1,1,56,117,True,,0,,0,1,True,True,HideInHierarchy,None,True,False,,0,True,False,
1,1,57,118,True,,0,,0,1,True,True,HideInHierarchy,None,True,False,,0,True,False,
1,1,58,119,True,,0,,0,1,True,True,HideInHierarchy,None,True,False,,0,True,False,
1,2,59,120,True,JMove1,-988841922,,0,1,True,True,"HideInHierarchy, HideInInspector",None,False,False,,0,True,False,
1,2,60,121,True,JMove2,1543907716,,0,0.75,False,True,"HideInHierarchy, HideInInspector",None,False,False,,0,True,False,
1,2,60,122,True,JAtkLP,-303383641,,0,0.75,False,True,HideInHierarchy,None,False,False,,0,True,False,
1,2,60,123,True,JAtkMP,-185496858,,0,0.75,False,True,HideInHierarchy,None,False,False,,0,True,False,
1,2,60,124,True,JAtkHP,-1987674461,,0,0.75,False,True,HideInHierarchy,None,False,False,,0,True,False,
1,2,60,125,True,JAtkLK,1737454155,,0,0.75,False,True,HideInHierarchy,None,False,False,,0,True,False,
1,2,60,126,True,JAtkMK,2123645706,,0,0.75,False,True,HideInHierarchy,None,False,False,,0,True,False,
1,2,60,127,True,JAtkHK,65255247,,0,0.75,False,True,HideInHierarchy,None,False,False,,0,True,False,
1,2,60,128,True,JBlockL,-1275926119,,0,0.75,False,True,HideInHierarchy,None,False,False,,0,True,False,
1,2,61,129,True,JMove3,721492242,,0,1,True,True,"HideInHierarchy, HideInInspector",None,False,False,,0,True,False,
1,2,61,130,True,JAtkLP,-303383641,,0,0.75,False,True,HideInHierarchy,None,False,False,,0,True,False,
1,2,61,131,True,JAtkMP,-185496858,,0,0.75,False,True,HideInHierarchy,None,False,False,,0,True,False,
1,2,61,132,True,JAtkHP,-1987674461,,0,0.75,False,True,HideInHierarchy,None,False,False,,0,True,False,
1,2,61,133,True,JAtkLK,1737454155,,0,0.75,False,True,HideInHierarchy,None,False,False,,0,True,False,
1,2,61,134,True,JAtkMK,2123645706,,0,0.75,False,True,HideInHierarchy,None,False,False,,0,True,False,
1,2,61,135,True,JAtkHK,65255247,,0,0.75,False,True,HideInHierarchy,None,False,False,,0,True,False,
1,2,61,136,True,JMove4,-1251636047,,0,0.75,False,True,HideInHierarchy,None,False,False,,0,True,False,
1,2,61,137,True,JBlockL,-1275926119,,0.25,0.75,True,True,HideInHierarchy,None,False,False,,0,True,False,
1,2,62,138,True,JMove4,-1251636047,,0,0.75,False,True,"HideInHierarchy, HideInInspector",None,False,False,,0,True,False,
1,2,62,139,True,JAtkLP,-303383641,,0,0.75,False,True,HideInHierarchy,None,False,False,,0,True,False,
1,2,62,140,True,JAtkMP,-185496858,,0,0.75,False,True,HideInHierarchy,None,False,False,,0,True,False,
1,2,62,141,True,JAtkHP,-1987674461,,0,0.75,False,True,HideInHierarchy,None,False,False,,0,True,False,
1,2,62,142,True,JAtkLK,1737454155,,0,0.75,False,True,HideInHierarchy,None,False,False,,0,True,False,
1,2,62,143,True,JAtkMK,2123645706,,0,0.75,False,True,HideInHierarchy,None,False,False,,0,True,False,
1,2,62,144,True,JAtkHK,65255247,,0,0.75,False,True,HideInHierarchy,None,False,False,,0,True,False,
1,2,62,145,True,JMove4,-1251636047,,0,0.75,False,True,HideInHierarchy,None,False,False,,0,True,False,
1,2,62,146,True,JBlockL,-1275926119,,0.25,0.75,True,True,HideInHierarchy,None,False,False,,0,True,False,
1,2,63,147,True,SWait,1158263233,,0,1,True,True,HideInHierarchy,None,False,False,,0,True,False,
[EOF],
